name,time,link,image,ingredient,Unnamed: 6
Instant Oats Dosa,15,https://food.ndtv.com/recipe-instant-oats-dosa-956389,https://c.ndtvimg.com/2021-12/fvflpc8_dosa_240x180_17_December_21.jpg,"rolledoats, sooji, riceflour, fenugreekseeds, salt, asafoetida, blackpepper, curryleaves, gingergrated, greenchillies, coriander, onion, oil",15
Chilli Idli,20,https://food.ndtv.com/recipe-chilli-idli-956384,https://c.ndtvimg.com/2021-07/1e7m393_idli-tikka_240x180_02_July_21.jpg,"idli, onion, capsicum, greenchillies, gingergarlicpaste, garlic, blackpepper, salt, redchillisauce, soyasauce, vinegar, cornstarch, maida, oilasrequired",20
Chicken Mayo Roll,15,https://food.ndtv.com/recipe-chicken-mayo-roll-recipe-956373,https://c.ndtvimg.com/2021-12/ket9amk_fish-roll_240x180_30_December_21.jpg,"bonelesschicken, curd, redchillipowder, corianderpowder, turmericpowder, chaatmasala, salttotaste, gingergarlicpaste, oil, mayonnaise, onions, choppedgarlic, chilliflakes, oregano, wheatflour, refinedflour",15
Tandoori Bharwan Capsicum,15,https://food.ndtv.com/recipe-tandoori-bharwan-capsicum-956357,https://c.ndtvimg.com/2022-01/3g8sj3uo_bharwan-capsicum-omelette_120x90_07_January_22.jpg,"capsicums, onion, mashedpotatoes, paneer, crushedpeanuts, gingergarlicpaste, redchillipowder, chaatmasala, cuminpowder, corianderpowder, salt",15
Tandoori Nazakat Aloo,25,https://food.ndtv.com/recipe-tandoori-nazakat-aloo-956356,https://c.ndtvimg.com/2022-01/0s3hpoq_tandoori-nazakat-aloo_120x90_20_January_22.jpg,"potatoes, paneer, cashewnuts, choppedfried, raisins, afewsprigsfreshcorianderleaves, afewsprigsfreshmintleaves, salt, redchillipowder, greenchillipaste, ginger, chaatmasala, garammasalapowder, hungyogurt, garlicpaste, gingerpaste, roastedchanadalpowder, turmericpowder, cuminseeds, kasoorimethipowder",25
Goan Chicken Rava Fry,20,https://food.ndtv.com/recipe-goan-chicken-rava-fry-956345,https://c.ndtvimg.com/2022-01/r80fhco8_chicken-goan-fry_120x90_18_January_22.jpg,"dahi, redchilli, blackpepper, greencardamom, ginger-garlicpaste, lemonjuice, chickenpieces, rava",20
Garlic Butter Chicken,20,https://food.ndtv.com/recipe-garlic-butter-chicken-956344,https://c.ndtvimg.com/2022-01/6euncfa_garlic-butter-chicken_120x90_18_January_22.jpg,"bonelesschickenpieces, egg, mincedgarlic, butter, onion, blackpepperpowder, saltaccordingtotaste, cornflourpowder, all-purposeflour, springonionchopped, italianseasoning",20
Chicken Boti Kebab,20,https://food.ndtv.com/recipe-chicken-boti-kebab-956343,https://c.ndtvimg.com/2022-01/893a34io_chicken-boti-kebab_120x90_18_January_22.jpg,"bonelesschicken, hungcurd, ginger-garlicpaste, garammasala, nutmeg, cuminpowder, corianderpowder, besan, mustardoil, kashmiriredchilipowder, blacksalt, saltasrequired, cookingoil",20
Whole Wheat Chicken Momo ,15,https://food.ndtv.com/recipe-whole-wheat-chicken-momo-956338,https://c.ndtvimg.com/2020-07/spmv3tm8_momos_120x90_02_July_20.jpg,"atta, oil, mincedchicken, mincedonion, mincedginger, mincedcorianderleaves, butter, saltaccordingtotaste",15
Chicken Hara Bhara Kebab,15,https://food.ndtv.com/recipe-chicken-hara-bhara-kebab-956328,https://c.ndtvimg.com/2022-01/t2iuu6go_hara-bhara-kebab_120x90_13_January_22.jpg,"mincedchicken, onion, chopped, spinach, peas, boiledpotatoes, ginger-garlicpaste, turmericpowder, greenchillies, salttotaste, redchillipowdertotaste, chaatmasala, garammasala, cuminpowder, riceflour",15
Paneer Bhurji Sandwich,10,https://food.ndtv.com/recipe-paneer-bhurji-sandwich-956321,https://c.ndtvimg.com/2022-01/a0qchfhg_paneer-bhurji-sandwich_120x90_13_January_22.jpg,"bread, butter, oil, cuminseeds, gratedgarlic, salt, turmeric, redchillipowder, garammasala, drymangopowder, onion, tomato, paneer, crumbled",10
Allam Kodi Wings Roast,15,https://food.ndtv.com/recipe-allam-kodi-wings-roast-956308,https://c.ndtvimg.com/2022-01/n45p2iq_allam-kodi-wings-roast_120x90_11_January_22.jpg,"chickenwings, chillipowder, chillies, turmericpowder, salt-totaste, gingergarlicpaste, garammasala, oil, onionschopped, choppedgarlic, choppedginger, mangochilipowder",15
Tandoori Chaap,15,https://food.ndtv.com/recipe-tandoori-chaap-956300,https://c.ndtvimg.com/2022-01/kjtachh8_tandoori-chaap_120x90_10_January_22.jpg,"curd, ginger-garlicpaste, redchillipowder, turmericpowder, tandoorimasala, chaatmasala, blackpepper, salt, garammasala, kasurimethi, butter, freshcream, lemonjuice",15
Bharwan Capsicum Omelette,10,https://food.ndtv.com/recipe-bharwan-capsicum-omelette-956293,https://c.ndtvimg.com/2022-01/3g8sj3uo_bharwan-capsicum-omelette_120x90_07_January_22.jpg,"egg, capsicum, blackpepper, redchillipowder, choppedonion, tomato, saltaspertaste, cheese",10
Bajra Raab,10,https://food.ndtv.com/recipe-bajra-raab-956283,https://i.ndtvimg.com/i/2018-05/shrikhand_240x180_51525776959.jpeg,"jaggery, milk, bajraflour, ghee, gingerpowder, elaichipowder",10
Homemade Veg Grilled Sandwich,10,https://food.ndtv.com/recipe-homemade-veg-grilled-sandwich-956277,https://c.ndtvimg.com/2021-08/b0jionjg_paneer-sandwich_240x180_03_August_21.jpg,"onion, boiledpotato, capsicum, cucumber, carrot, paneer, cheeseslices, mayonnaise, salt, blackpepperpowder, tomatosauce",10
Fish Kathi Roll,15,https://food.ndtv.com/recipe-fish-kathi-roll-956257,https://c.ndtvimg.com/2020-01/emt0nn18_kathi-roll_120x90_17_January_20.jpg,"chapatis, forthefilling:, bonelessfish, oil, thinlyslicedonion, crushedgarlic, choppedtomato, cuminpowder, corianderpowder, chillipowder, garammasala, salttotaste, chatmasalamix, toassemble:, egg, thinlyslicedredonions, thinlyslicedcarrots, thinlyslicedcabbage, thinlyslicedredoryellowpeppers, choppedgreenchillies, choppedcorianderleaves",15
Chilli Garlic Prawns,15,https://food.ndtv.com/recipe-chilli-garlic-prawns-956255,https://c.ndtvimg.com/2021-12/g80jfndo_chilli-garlic-prawn_120x90_29_December_21.jpg,"cornflour, allpurposeflour, garlicpaste, gingerpaste, soyasauce, blackpepper, egg, prawns, oil, , forsauce, oil, mincedgarlic, mincedginger, springonions, sliced, greenchillies, capsicum, blackpepper, soyasauce, chillisauce, water, vinegar",15
Tandoori Chicken Sandwich,10,https://food.ndtv.com/recipe-tandoori-chicken-sandwich-956241,https://c.ndtvimg.com/2021-12/2h28c21_tandoori-chicken-sandwich_120x90_27_December_21.jpg,"chickenpieces, curd, redchillipowder, blackpepper, ginger-garlicpaste, garammasala, saltaspertaste, slicedonion, slicedtomato, slicedcapsicum, barbecuesauce, mustardsauce, hotsauce",10
Chilli Chaap,15,https://food.ndtv.com/recipe-chilli-chaap-956208,https://c.ndtvimg.com/2021-12/jjesn6ho_chilli-chaap_120x90_22_December_21.jpg,"soyachaap, ginger-garlicpaste, dryredchilli, choppedonion, choppedcapsicum, soyasauce, redchillisauce, schezwansauce, vinegar",15
Achaari Fish Tikka,20,https://food.ndtv.com/recipe-achaari-fish-tikka-956192,https://c.ndtvimg.com/2020-01/jdq3a808_tikka_240x180_29_January_20.jpg,"curd, redchillipowder, garammasala, corianderpowder, haldi, jeerapowder, gingerpaste, garlicpaste, lemonjuice, picklemasala, oil, salttotaste",20
Mutton Spring Roll,15,https://food.ndtv.com/recipe-mutton-spring-roll-956185,https://c.ndtvimg.com/2020-07/8qt1ij4o_spring-rolls_120x90_13_July_20.jpg,"maida, salt, oil, waterasrequired, mincedmutton, onions, blackpepperpowder, soysauce, ketchup, garlic, ginger, saltasrequired",15
Chicken Garlic Bread,10,https://food.ndtv.com/recipe-chicken-garlic-bread-956183,https://c.ndtvimg.com/2021-06/vd7158no_garlic-bread-240_240x180_17_June_21.jpg,"boiledandshreddedchicken, garlic, baguetteslices, butter, roomtemperature, freshparsley, alargepinchofcrushedblackpeppercorns, driedredchilliflakes+forsprinkling, alargepinchofsalt, processedcheese, mozzarellacheese, freshparsleysprigsforgarnish",10
Schezwan Dosa,15,https://food.ndtv.com/recipe-schezwan-dosa-956177,https://c.ndtvimg.com/2021-12/ic1lg5t8_schezwan-dosa_120x90_16_December_21.jpg,"noodles, cabbage, carrot, capsicum, frenchbeans, ginger, garlic, greenchillies, springoniongreens, soysauce, schezwansauce, ricevinegar, tomatoketchup, blackpepperpowder, salttotaste, vegetable",15
Atta Dosa,10,https://food.ndtv.com/recipe-atta-dosa-956176,https://c.ndtvimg.com/2021-11/88nkn5qg_lauki-dosa_120x90_24_November_21.jpg,"wheatflour, riceflour, saltaspertaste, greenchillies, jeera, curryleaves",10
Andhra Style Chicken Fry,20,https://food.ndtv.com/recipe-andhra-style-chicken-fry-956164,https://c.ndtvimg.com/2021-12/dtomqkn_chicken_240x180_02_December_21.jpg,"chicken, curryleaves, cinnamon, lemonjuice, blackpepper, ghee, fennelseeds, greenchillies, onion, corianderpowder, cashews, cloves, turmeric, gingergarlicpaste, redchilli, curd, corianderleaves",20
Dal Farra,25,https://food.ndtv.com/recipe-dal-farra-956138,https://c.ndtvimg.com/2021-12/0u12ddr_dal-farra_120x90_09_December_21.jpg,"riceflour, uraddal, chanadal, matardal, cuminseeds, halid, garammasala, garlic, greenchillies, mustardseeds, curryleaves, hing, redchillipowder, saltaccordingtotaste",25
Sooji Manchurian,15,https://food.ndtv.com/recipe-sooji-manchurian-956126,https://c.ndtvimg.com/2021-08/510qskd_veg-manchurian_240x180_15_August_21.jpg,"semolina, curd, choppedginger, choppedgarlic, choppedgreenchillies, cabbage, carrot, capsicum, onion, capsicum, chilisauce, tomatoketchup, mixedherbs, soyasauce",15
Oats Dahi Masala,15,https://food.ndtv.com/recipe-oats-dahi-masala-956121,https://c.ndtvimg.com/2021-12/q6dgv9dg_oats-dahi-masala_120x90_07_December_21.jpg,"oats, curd, choppedonion, choppedtomato, choppedcarrot, choppedcucumber, redchillipowder, blackpepper, saltaspertaste, mustardseeds, cuminseeds, curryleaves, dryredchilli",15
Egg Samosa,15,https://food.ndtv.com/recipe-egg-samosa-956117,https://c.ndtvimg.com/2021-02/pdpv4b18_samosa_240x180_12_February_21.jpg,"eggs, gratedpotato, choppedgreenchillies, bakingpowder, saltasrequired, finelychoppedonion, onionseeds, corianderleaves, allpurposeflour, refinedoil",15
Pahadi Kebab,15,https://food.ndtv.com/recipe-pahadi-kebab-956112,https://c.ndtvimg.com/2021-09/rj5i60eg_kebab_240x180_21_September_21.jpg,"bonelesschickenchunks, choppedcoriander, choppedmintleaves, choppedginger-garlic, greenchillies, blackpeppercorns, lemonjuice, saltaccordingtotaste, curd, ghee, chaatmasala",15
Moong Dal Handvo,15,https://food.ndtv.com/recipe-moong-dal-handvo-956103,https://c.ndtvimg.com/2020-09/47vhsn4_handvo_240x180_01_September_20.jpg,"moongdal, ginger, garlic, semolina, besan, greenchillies, fruitsalt, curryleaves, mustardseeds, pinchofheeng",15
Butter Chicken Pasta,20,https://food.ndtv.com/recipe-butter-chicken-pasta-956092,https://c.ndtvimg.com/2021-12/3ilhfck_pasta_120x90_02_December_21.jpg,"bonelessskinlesschickenthighs, cutintobitesizepieces, plainyogurt, lemonjuice, corianderpowder, cayennepepperpowder, salt, turmericpowder, orangefoodcolor, optional, vegetableoil, butter, cuminseeds, finelychoppedonion, garlic, ginger, salt, kasurimethi, corianderpowder, cayennepepperpowder, garammasalapowder, tomatosauce, powderedcashew, pennepasta, cooked",20
Chicken Majestic,15,https://food.ndtv.com/recipe-chicken-majestic-956087,https://c.ndtvimg.com/2021-12/7crnn7k8_chicken-majestic_120x90_01_December_21.jpg,"marination:, bonelesschicken, buttermilk, cornflour, ginger-garlicpaste, turmericpowder, redchillipowder, sauce:, oil, garlicchopped, greenchillies, curryleaves, handfulmintleaves, soyasauce, redchilli, garammasala, yogurt",15
Andhra Style Beans Kudumulu,20,https://food.ndtv.com/recipe-andhra-style-beans-kudumulu-956085,https://c.ndtvimg.com/2021-12/of949sgg_andhra-style-beans-kudumulu_120x90_01_December_21.jpg,"choppedbroadbeans, onion, greenchillies, garlic, mediumgingerpiece, mustardseeds, choppedcorianderleaves, riceflour, saltaccordingtotaste",20
Honey Chicken,15,https://food.ndtv.com/recipe-honey-chicken-956078,https://c.ndtvimg.com/2020-07/j1u0o888_chicken-wings_240x180_25_July_20.jpg,"bonelesschicken, honey, butter, salt, blackpepper, gingergarlicpaste",15
Soya Idli,20,https://food.ndtv.com/recipe-soya-idli-956063,https://c.ndtvimg.com/2021-10/hp0748rg_idli_240x180_13_October_21.jpg,"soyabean, whiteuraddal, fenugreekseeds, idlirice, chanadal, salt",20
Egg Tikka,15,https://food.ndtv.com/recipe-egg-tikka-956059,https://c.ndtvimg.com/2021-09/pklbc2sg_egg-tandoori_240x180_02_September_21.png,"boiledeggs, hungcurd, butter, gingergarlicpaste, redchillipowder, garammasala, salt, lemonjuice, besan, kasoorimethi, besan, mustardoil",15
Lauki Dosa,15,https://food.ndtv.com/recipe-lauki-dosa-956034,https://c.ndtvimg.com/2021-11/88nkn5qg_lauki-dosa_120x90_24_November_21.jpg,"lauki, riceflour, sooji, salt, greenchillies",15
Aloo Ke Chapli Kebab,15,https://food.ndtv.com/recipe-aloo-ke-chapli-kebab-956009,https://c.ndtvimg.com/2021-10/8c330jvg_kebab_240x180_06_October_21.jpg,"boiledpotatoes, redchillipowder, jeerapowder, amchurpowder, finelychoppedonion, breadcrumbs, finelychoppedcoriander, finelychoppedmint, finelychoppedgreenchillies, oil, salt",15
Murmura Poha,15,https://food.ndtv.com/recipe-murmura-poha-956007,https://c.ndtvimg.com/2021-09/bm2od4i_poha_240x180_03_September_21.jpg,"murmura, choppedonion, choppedtomato, turmericpowder, redchillipowder, saltaspertaste",15
Chicken Cheese Sandwich,10,https://food.ndtv.com/recipe-chicken-cheese-sandwich-955993,https://c.ndtvimg.com/2021-10/irife4pg_railway-omelette-sandwich_120x90_27_October_21.jpg,"shreddedchicken, cheesespread, mayonnaise, creamcheese, blackpepper, oregano, salttotaste, bread, garlicpowder",10
Masala Bread,10,https://food.ndtv.com/recipe-masala-bread-955985,https://c.ndtvimg.com/2021-11/kdjd076g_masala-bread_120x90_16_November_21.jpg,"bread, onion, tomato, ginger, garlic, greenchillies, redchilipowder, haldi, saltaccordingtotaste, chaatmasala, corianderleaveschopped",10
Bhungara Batata,15,https://food.ndtv.com/recipe-bhungara-batata-955981,https://c.ndtvimg.com/2021-11/tau8ubt8_bhungara-batata_120x90_16_November_21.jpg,"yellowhollowfryums, babypotatoes, gingergarlicpaste, tomatopuree, onion, cuminseeds, asafoetida, kashmiriredchilipowder, driedredchilipowder, corianderpowder, garammasala, turmericpowder, salt",15
Paneer Shawarma,15,https://food.ndtv.com/recipe-paneer-shawarma-955970,https://c.ndtvimg.com/2021-11/u93r5k8o_paneer-shawarma_120x90_12_November_21.jpg,"paneer, wheatroti, cuminpowder, corianderpowder, garammasala, salt, redchillipowder, mayonnaise, choppedonion",15
Hyderabadi Chicken Fry,20,https://food.ndtv.com/recipe-hyderabadi-chicken-fry-955968,https://i.ndtvimg.com/i/2017-10/fried-chicken_240x180_81509096018.jpg,"chicken, hungcurd, lemonjuice, friedonions, gingergarlicpate, haldipowder, jeerapowder, fennelpowder, redchillipowder, corianderpowder, blackpepper, greenchillies, curryleaves, choppedcoriander, cinnamonstick, staranise, cardamom, cloves, saltaccordingtotaste",20
Urad Dal Vada,10,https://food.ndtv.com/recipe-urad-dal-vada-955953,https://c.ndtvimg.com/2021-11/kmlql2po_urad-dal-vada_120x90_11_November_21.jpg,"soakeduraddal, finelychoppedonion, greenchillies, sooji, salt, oil, redchillipowder",10
Paneer Popcorn,15,https://food.ndtv.com/recipe-paneer-popcorn-955941,https://c.ndtvimg.com/2021-11/9vml8ldo_paneer-popcorn_120x90_10_November_21.jpg,"paneercubes, kashmiriredchilipowder, dryparsley, oregano, blackpepper, salt, besan, ginger-garlicpaste, turmericpowder, bakingsoda, saltasrequired, water, breadcrumbs",15
Tomato Egg Stir-Fry,10,https://food.ndtv.com/recipe-tomato-egg-stir-fry-955913,https://c.ndtvimg.com/2021-11/h10hfqro_tomato-egg-stirfry_120x90_05_November_21.jpg,"eggs, tomato, onion, ginger-garlicpaste, redchillipowder, saltandpepperaspertaste",10
Malai Santra Kebab,15,https://food.ndtv.com/recipe-malai-santra-kebab-955885,https://c.ndtvimg.com/2021-11/qmq3ugso_malai-santra-kebab_120x90_01_November_21.jpg,"hungcurd, paneer, roastedchannapowder, garammasala, greencardamompowder, salt, whitepepperpowder, orangereduction, orangemarmalade, desigheeforcooking",15
Dahi Sandwich,15,https://food.ndtv.com/recipe-dahi-sandwich-955837,https://c.ndtvimg.com/2021-10/7uac3iqg_sandwich_240x180_21_October_21.jpg,"dahi, choppedcucumber, choppedtomatoes, choppedcapsicum, choppedonion, redchillipowder, chaatmasala, salt, pepper",15
Cabbage Cutlet,10,https://food.ndtv.com/recipe-cabbage-cutlet-956410,https://c.ndtvimg.com/2019-12/99l4gg4_cutlet_240x180_13_December_19.jpg,"gratedcabbage, choppedcoriander, choppedgarlic, onion, chaatmasala, redchillipowder, cuminseeds, salt, pepperpowder, cornflour, sooji",10
Bubble Potato Chips,10,https://food.ndtv.com/recipe-bubble-potato-chips-956405,https://c.ndtvimg.com/2022-02/83js75go_chips_120x90_03_February_22.jpg,"potatoes, eggwhite, cornflour, saltasrequired",10
Veg Thukpa Soup,15,https://food.ndtv.com/recipe-veg-thukpa-soup-956393,https://c.ndtvimg.com/2022-01/eqfbs92o_thukpa_120x90_31_January_22.jpg,"anynoodles, beans, choppedcabbage, choppedonion, springonion, vegetablebroth, oil, sweetchillisauce, chillisauce, soyasauce, garammasala, blackpepper, salt, choppedgarlic, choppedcarrot",15
Instant Oats Dosa,15,https://food.ndtv.com/recipe-instant-oats-dosa-956389,https://c.ndtvimg.com/2021-12/fvflpc8_dosa_240x180_17_December_21.jpg,"rolledoats, sooji, riceflour, fenugreekseeds, salt, asafoetida, blackpepper, curryleaves, gingergrated, greenchillies, coriander, onion, oil",15
Chilli Idli,20,https://food.ndtv.com/recipe-chilli-idli-956384,https://c.ndtvimg.com/2021-07/1e7m393_idli-tikka_240x180_02_July_21.jpg,"idli, onion, capsicum, greenchillies, gingergarlicpaste, garlic, blackpepper, salt, redchillisauce, soyasauce, vinegar, cornstarch, maida, oilasrequired",20
Tamatar Feta Cheese Katlama,15,https://food.ndtv.com/recipe-tamatar-feta-cheese-katlama-956377,https://c.ndtvimg.com/2022-01/7rlkhivo_tamatar-feta-cheese-katlama_120x90_25_January_22.jpg,"paneer, fetacheese, tomato, cornflour, roastedchanapowder, greenchillies, greencoriander, ginger, salt, garammasala, butter",15
Sooji Besan Halwa,20,https://food.ndtv.com/recipe-sooji-besan-halwa-956361,https://c.ndtvimg.com/2021-12/t919rp8o_halwa_240x180_23_December_21.jpg,"sooji, ghee, besan, greencardamompowder, sugar, almonds, pistachios, saffron, milk",20
"Tri Colour Ravioli With Goat Cheese, Pumpkin And Sage",20,https://food.ndtv.com/recipe-tri-colour-ravioli-with-goat-cheese-pumpkin-and-sage-956360,https://c.ndtvimg.com/2022-01/hope98io_ravioli_120x90_21_January_22.jpg,"forpastadoughspinach, allpurposeflour, eggs, spinachpuree, oliveoil, salt, forpastadoughcarrot, allpurposeflour, eggs, carrotpuree, oliveoil, salt, forpastadoughwhite, allpurposeflour, eggs, oliveoil, salt, forstuffing, pumpkin, oliveoil, pinenuts, goatcheese, blackpepper, sage, forsauce, confitgarlic, sage, butter, pumpkindiced, toastedpinenuts, parmesancheese",20
Gajar Dhudi Kaju Bites,30,https://food.ndtv.com/recipe-gajar-dhudi-kaju-bites-956359,https://c.ndtvimg.com/2022-01/c1tk4vi_gajar-dhudi-kaju-bites_120x90_21_January_22.jpg,"forgajarhalwa, gratedcarrots, milk, sugar, ghee, cashewnuts, raisins, pistachios, almonds, fordhudihalwa, grateddhudi, sugar, ghee, milk, cardamom, pistachios, almonds, forkajufilling, groundcashewnut, water, sugar, rosewater, cardamompowder, gheeforcooking, gheeforgreasing",30
Tandoori Bharwan Capsicum,15,https://food.ndtv.com/recipe-tandoori-bharwan-capsicum-956357,https://c.ndtvimg.com/2022-01/3g8sj3uo_bharwan-capsicum-omelette_120x90_07_January_22.jpg,"capsicums, onion, mashedpotatoes, paneer, crushedpeanuts, gingergarlicpaste, redchillipowder, chaatmasala, cuminpowder, corianderpowder, salt",15
Paneer Gravy Roll,25,https://food.ndtv.com/recipe-paneer-gravy-roll-956353,https://c.ndtvimg.com/2022-01/elfr9f78_paneer-gravy-roll_120x90_20_January_22.jpg,"paneer, onion, tomato, greenchilly, garliccloves, ginger, wholeredchilli, cloves, cinnamonstick, smallcardamom, chillipowder, corianderpowder, turmeric, garammasala, salt, fenugreek, curd, cream, oil",25
Wild Rocket And Roasted Tomato Pizza,15,https://food.ndtv.com/recipe-wild-rocket-and-roasted-tomato-pizza-956346,https://c.ndtvimg.com/2022-01/454svdr_pizza_120x90_18_January_22.jpg,"pizzabase, pizzasauce, mozzarellacheese, blackolive, rocketleaves, parmesancheeseshavings, slicedbakedtomatoes, oliveoil",15
Corn Poha,10,https://food.ndtv.com/recipe-corn-poha-956342,https://c.ndtvimg.com/2022-01/7d80mf9o_poha_120x90_17_January_22.jpg,"corns, onions, tomatoes, curryleaves, mustardseeds, greenchilli, salttotaste, redchilllipowdertotaste, turmericpowder, corianderleavesforgarnishing",10
Pongal,15,https://food.ndtv.com/recipe-pongal-956340,https://c.ndtvimg.com/2022-01/2amceodg_pongal_120x90_17_January_22.jpg,"idlirice, moongdal, water, greenchillies, cuminseeds, blackpeppercorn, ginger, curryleaves, turmericpowder, asafoetida, ghee, salttotaste",15
Khas Khas And Gud Ki Panjiri,25,https://food.ndtv.com/recipe-khas-khas-and-gud-ki-panjiri-956333,https://c.ndtvimg.com/2022-01/spbo1gdo_panjiri_120x90_14_January_22.jpg,"whitesesameseeds, khaskhasseeds, melonseeds, cashewnuts, almonds, raisins, ghee, greencardamompowder, crushedjaggery, wheatflour",25
Kathal Korma,30,https://food.ndtv.com/recipe-kathal-korma-956324,https://c.ndtvimg.com/2018-12/i0426k6_navratan-korma_120x90_28_December_18.jpg,"jackfruitchunks, almonds, cashewnuts, choppedandfriedcrisponions, curd, ghee, ginger-garlicpaste, corianderpowder, cuminpowder, redchillipowder, turmericpowder, cinnamonstick, bayleaves, greencardamom, blackcardamom, kewra",30
Suji Gulab Jamun,15,https://food.ndtv.com/recipe-suji-gulab-jamun-956322,https://i.ndtvimg.com/i/2017-09/gulab-jamun_190x253_81505468598.jpg,"semolina, ghee, elaichipowder, sugar, oilfordeepfrying, water, milk",15
Sarson Makki Saag,25,https://food.ndtv.com/recipe-sarson-makki-saag-956320,https://c.ndtvimg.com/2022-01/7kt3m4m8_sarson-ka-saag_120x90_13_January_22.jpg,"mustardleaves, bathualeaves, spinach, choppedgreenchillies, choppedgarlic, choppedginger, desighee, someindianmasalas.",25
Til Halwa,20,https://food.ndtv.com/recipe-til-halwa-956316,https://c.ndtvimg.com/2021-12/t919rp8o_halwa_240x180_23_December_21.jpg,"semolina, whitesesameseeds, ghee, choppeddryfruits, powderedsugar, aspertaste, cardamompowder, water, asperneed",20
Madrasi Dosa,15,https://food.ndtv.com/recipe-madrasi-dosa-956313,https://c.ndtvimg.com/2021-11/2up0su2_dosa_240x180_29_November_21.jpg,"rawrice, parboiledrice, turdal, uraddal, methiseeds, poha, chanadal, salttotaste, forpotatomasala, potatoes, onion, greenchillies, ginger, turmericpowder, lemonjuice, salttotaste, oil, forpotatomasala:, mustardseeds, uraddal, redchillies, roastedgramdal, garlic, tamarind, salttotaste, oil, coconut",15
Creamy Spinach Soup,10,https://food.ndtv.com/recipe-creamy-spinach-soup-956309,https://c.ndtvimg.com/2022-01/dbpeharo_soup_120x90_11_January_22.jpg,"choppedspinachleaves, water, springonion, oliveoil, oregano, milk, saltandpeppertotaste, breadcroutons, gratedcheese",10
Whole Wheat Bread Spinach Sandwich,15,https://food.ndtv.com/recipe-whole-wheat-bread-spinach-sandwich-956304,https://c.ndtvimg.com/2022-01/dlet6kmg_sandwich_120x90_10_January_22.jpg,"babyspinach, dill, fresh, garlic, parsleyfresh, onion, pepperground, extravirginoliveoil, butter, unsalted, feta, cheddarcheese, ricotta, wholewheatbread",15
Roti Garlic Bites,15,https://food.ndtv.com/recipe-roti-garlic-bites-956303,https://c.ndtvimg.com/2022-01/8cmckaf8_roti-garlic-bites_120x90_10_January_22.jpg,"leftoverrotis, garlicpods, redchillipowder, saltandpepperaspertaste, butter",15
Hare Matar Ki Shammi,15,https://food.ndtv.com/recipe-hare-matar-ki-shammi-956302,https://c.ndtvimg.com/2022-01/bgnkvje8_hare-matar-ki-shammi_120x90_10_January_22.jpg,"greenpeas, potatopahari, ginger, chilligreen, oliveoil, corianderleaves, yellowchillipowder, blackcumin, salttotaste",15
Kabuli Pinni,20,https://food.ndtv.com/recipe-kabuli-pinni-956301,https://c.ndtvimg.com/2022-01/rgq9dsug_kabuli-pinni_120x90_10_January_22.jpg,"chickpeaflour, khoya, sugar, ghee, raisins, cashewnuts, pistachios, almonds, cardamompowder, milk",20
5-minute Poha Ladoo,5,https://food.ndtv.com/recipe-5-minute-poha-ladoo-956296,https://c.ndtvimg.com/2021-09/svo74b0g_ladoo_240x180_20_September_21.jpg,"poha, jaggery, handfulofdryfruits, raisins), cardamompowder, ghee",5
Chana Garlic Fry,15,https://food.ndtv.com/recipe-chana-garlic-fry-956294,https://c.ndtvimg.com/2022-01/q6scsiu_chana-garlic-fry_120x90_07_January_22.jpg,"soakedandboiledchana, garliccloves, jeerapowder, redchillipowder, chaatmasala, saltaccordingtotaste",15
Bajra Raab,10,https://food.ndtv.com/recipe-bajra-raab-956283,https://i.ndtvimg.com/i/2018-05/shrikhand_240x180_51525776959.jpeg,"jaggery, milk, bajraflour, ghee, gingerpowder, elaichipowder",10
Doodh Poha,5,https://food.ndtv.com/recipe-doodh-poha-956282,https://c.ndtvimg.com/2021-05/8j167dp_kharbooja-kheer_120x90_20_May_21.jpg,"milk, poha, jaggery-aspertaste, almonds, cashewnuts, raisins, cardamom, bayleaf",5
Dahi Paneer,15,https://food.ndtv.com/recipe-dahi-paneer-956261,https://c.ndtvimg.com/2021-12/t172s1bo_dahi-paneer_120x90_30_December_21.jpg,"paneer, turmericpowder, redchillipowder, salt, oil, yoghurt, corianderpowder, redchillipowder, garammasala, cashewnutpaste, oil, wholeredchillies, greencardamom, cloves, cuminseeds, choppedginger, greenchillies, kasurimethi, salt",15
Butter Samosa,10,https://food.ndtv.com/recipe-butter-samosa-956243,https://c.ndtvimg.com/2021-12/f8hp6auo_butter-samosa_120x90_27_December_21.jpg,"whitebutter, khoya, almonds, cashewnuts, raisins, powderedsugar, cardamompowder",10
Amra Chutney,10,https://food.ndtv.com/recipe-amra-chutney-956234,https://c.ndtvimg.com/2021-12/bm45j7ho_amra-chutney_120x90_27_December_21.jpg,"amra, wholeredchilli, sugar, panchphoron, salttotaste",10
Dahi Poha,5,https://food.ndtv.com/recipe-dahi-poha-956233,https://c.ndtvimg.com/2021-08/34985q28_poha_240x180_09_August_21.jpg,"poha, dahi, gud, dryfruitstogarnish",5
Mozzarella Sticks,15,https://food.ndtv.com/recipe-mozzarella-sticks-956231,https://c.ndtvimg.com/2021-12/00l5kl4_mozerella-sticks_120x90_24_December_21.jpg,"mozzarellacheese, oilfordeepfrying, cornstarch, flour, salt, breadcrumbs, oregano, water, eggs, beaten",15
Hariyali Pulao,15,https://food.ndtv.com/recipe-hariyali-pulao-956215,https://c.ndtvimg.com/2021-12/45uabnc8_hariyali-pulao_120x90_22_December_21.jpg,"forpaste, mintleaves, corianderleaves, ginger, greenchillies, forpulao, basmatirice, cuminseeds, cloves, greencardamoms, cinnamonstick, choppedonion, corianderpowder, turmericpowder, redchillipowder, garammasala, greenpeas, choppedgreenbeans, potatoes, carrots, lemonjuice, salt",15
Chilli Chaap,15,https://food.ndtv.com/recipe-chilli-chaap-956208,https://c.ndtvimg.com/2021-12/jjesn6ho_chilli-chaap_120x90_22_December_21.jpg,"soyachaap, ginger-garlicpaste, dryredchilli, choppedonion, choppedcapsicum, soyasauce, redchillisauce, schezwansauce, vinegar",15
Mushroom Momos,15,https://food.ndtv.com/recipe-mushroom-momos-956207,https://c.ndtvimg.com/2021-11/ulrvhg6g_momos_240x180_12_November_21.jpg,"mushrooms, ginger-garlicpaste, all-purposeflour, salttotaste, greenchillies, blackpepperpowder, garammasalapowder",15
Choco Christmas Pudding,20,https://food.ndtv.com/recipe-choco-christmas-pudding-956199,https://c.ndtvimg.com/2021-12/l3m2qu1o_pudding_120x90_21_December_21.jpg,"butter, castersugar, eggs, vanillaessence, refinedflour, almondflour, raisins&tutti-frutti, cocoapowder, chocolateflavouredsyrup, caramelflavoredsyrupasneeded",20
Nutty Christmas Pudding,5,https://food.ndtv.com/recipe-nutty-christmas-pudding-956189,https://c.ndtvimg.com/2021-12/8u57e2ao_christmas-pudding_120x90_20_December_21.jpg,"meltedbutter, glazecherries, peel, driedfigs, driedcranberries, pitteddrieddates, orangejuice, brandy, plainflour, bicarbonateofsoda, groundcinnamon, mixedspice, groundnutmeg, unsaltedbutter, melted, cooled, brownsugar, eggs",5
Schezwan Dosa,15,https://food.ndtv.com/recipe-schezwan-dosa-956177,https://c.ndtvimg.com/2021-12/ic1lg5t8_schezwan-dosa_120x90_16_December_21.jpg,"noodles, cabbage, carrot, capsicum, frenchbeans, ginger, garlic, greenchillies, springoniongreens, soysauce, schezwansauce, ricevinegar, tomatoketchup, blackpepperpowder, salttotaste, vegetable",15
Atta Dosa,10,https://food.ndtv.com/recipe-atta-dosa-956176,https://c.ndtvimg.com/2021-11/88nkn5qg_lauki-dosa_120x90_24_November_21.jpg,"wheatflour, riceflour, saltaspertaste, greenchillies, jeera, curryleaves",10
Bread Patties,15,https://food.ndtv.com/recipe-bread-patties-956167,https://c.ndtvimg.com/2021-12/lkc7qfa_bread-patties_120x90_15_December_21.jpg,"besan, redchillipowder, cuminseeds, pepper, chaatmasala, saltaspertaste, potatoes, onion, peas",15
Masala Hot Chocolate,5,https://food.ndtv.com/recipe-masala-hot-chocolate-956158,https://c.ndtvimg.com/2020-06/c68vrjfo_hot-chocolate-240_240x180_03_June_20.jpg,"milk, cardamompods, cloves, bigcinnamonsticks, unsweetenedcocoapowder, sugar",5
Ragi Khichdi,15,https://food.ndtv.com/recipe-ragi-khichdi-956157,https://c.ndtvimg.com/2020-05/e8du496_khichdi_120x90_12_May_20.jpg,"rice, moongdal, ragi, salttotaste, greenchillies, cuminseeds, turmericpowder, garammasala, gheeforcooking",15
Sprouts Dosa,10,https://food.ndtv.com/recipe-sprouts-dosa-956156,https://c.ndtvimg.com/2021-11/2up0su2_dosa_240x180_29_November_21.jpg,"sprouts, riceflour, sooji, salt, greenchillies",10
Aloo Semiya Cutlet,10,https://food.ndtv.com/recipe-aloo-semiya-cutlet-956155,https://c.ndtvimg.com/2021-10/d0k8vhv_pizza-cutlet_240x180_19_October_21.jpg,"boiledpotatoes, vermicelli, cornflour, blackpepper, chilliflakes, salttotaste, redchillipowder, cuminpowder, breadcrumbs, chaatmasala, garammasala, coriander, forslurry:, maida, cornflour, blackpepper, salttotaste, water",10
Sprouts Curry,15,https://food.ndtv.com/recipe-sprouts-curry-956143,https://c.ndtvimg.com/2021-12/a6f9brso_sprouts-curry_120x90_10_December_21.jpg,"onion, tomato, cuminseeds, ginger-garlicpaste, turmeric, redchillipowder, ghee, corianderleaveschopped, salt",15
Dal Farra,25,https://food.ndtv.com/recipe-dal-farra-956138,https://c.ndtvimg.com/2021-12/0u12ddr_dal-farra_120x90_09_December_21.jpg,"riceflour, uraddal, chanadal, matardal, cuminseeds, halid, garammasala, garlic, greenchillies, mustardseeds, curryleaves, hing, redchillipowder, saltaccordingtotaste",25
Paneer Fried Rice,10,https://food.ndtv.com/recipe-paneer-fried-rice-956133,https://c.ndtvimg.com/2021-09/3vtip46_fried-rice_240x180_07_September_21.jpg,"boiledrice, paneercubes, gingergarlicpaste, redchillipowder, pepper, soyasauce, saltaspertaste, choppedonion, choppedcarrot, choppedcapsicum, choppedmushroom",10
Aloo Do Pyaza,15,https://food.ndtv.com/recipe-aloo-do-pyaza-956131,https://c.ndtvimg.com/2021-10/v4mvev9g_bombay-style-aloo-_120x90_14_October_21.jpg,"onion, onion, largetomato, potatoes, greenchillies, ginger-garlicpaste, cuminseeds, salttotaste, redchillipowder, turmericpowder, corianderpowder",15
Paneer Masala Fry,15,https://food.ndtv.com/recipe-paneer-masala-fry-956125,https://c.ndtvimg.com/2021-12/ffrr4r4o_paneer-masala-fry_120x90_08_December_21.jpg,"paneercubes, curd, redchillipowder, blackpepper, garammasala, corianderpowder, turmericpowder, ginger-garlicpaste, curryleaves, dryredchilli",15
Paneer Bhurji Sandwich,10,https://food.ndtv.com/recipe-paneer-bhurji-sandwich-956321,https://c.ndtvimg.com/2022-01/a0qchfhg_paneer-bhurji-sandwich_120x90_13_January_22.jpg,"bread, butter, oil, cuminseeds, gratedgarlic, salt, turmeric, redchillipowder, garammasala, drymangopowder, onion, tomato, paneer, crumbled",10
Keema Naan,20,https://food.ndtv.com/recipe-keema-naan-956184,https://c.ndtvimg.com/2021-02/2eop30rg_garlic-naan_120x90_16_February_21.jpg,"maida, salt, sugar, curd, neutraloil, waterasrequired, mincedmutton, onions, gingergarlicpaste, redchillipowder, haldi, cuminpowder, corianderpowder, garammasala, corianderleaves",20
Masala Cheese Toast,10,https://food.ndtv.com/recipe-masala-cheese-toast-955879,https://c.ndtvimg.com/2021-10/8r6vea1g_masala-cheese-toast_120x90_29_October_21.jpg,"choppedonion, capsicumandcarrot, redchillipowder, pepper, corianderpowder, saltaspertaste, breads, cheese",10
Chicken Mayo Sandwich,10,https://food.ndtv.com/recipe-chicken-mayo-sandwich-955617,https://c.ndtvimg.com/2021-08/pc9vqbsg_sandwich_120x90_24_August_21.jpg,"bread, chickenbreast, gingergarlicpaste, pepperpowder, lettuce, butter, salt, mayonnaise",10
Karnataka Style Puran Poli,20,https://food.ndtv.com/recipe-karnataka-style-puran-poli-955601,https://c.ndtvimg.com/2018-09/82pp1bu8_puran-poli_160x120_24_September_18.jpg,"maida, chanadal, jaggery, cardamompowder, haldi, refined, oil, apinchofsalt",20
2 Ways Chicken Salami Sandwich,10,https://food.ndtv.com/recipe-2-ways-chicken-salami-sandwich-955559,https://c.ndtvimg.com/2021-08/pc9vqbsg_sandwich_120x90_24_August_21.jpg,"forgrilledchickensalamisandwich, bread, chickensalami, cheese, choppedonions, choppedtomatoes, choppedcapsicum, cucumber, butter, saltandpepperaccordingtotaste, forsubwaystylechickensalamisandwich, subwaybreadloaf, chickensalami, cheeseslices, wholelettuceleaves, onionslices, tomatoslices, capsicumslices, mayonnaise, mustardsauce, saltandpepperaccordingtotaste",10
Keema Paratha,10,https://food.ndtv.com/recipe-keema-paratha-955433,https://c.ndtvimg.com/2021-08/i6d2803g_keema-paratha_120x90_11_August_21.jpg,"vegetableoil, choppedonion, gingergarlicpaste, muttonmince, corianderpowder, redchilipowder, turmericpowder, garammasalapowder, roastedcuminpowder, lemonjuice, salttotaste, choppedcoriander, atta, salt, oil",10
Lauki Roti,10,https://food.ndtv.com/recipe-lauki-roti-955416,https://c.ndtvimg.com/2021-08/22bc2e9o_roti_120x90_09_August_21.jpg,"pureedlauki, atta",10
Grilled Chicken Sandwich,10,https://food.ndtv.com/recipe-grilled-chicken-sandwich-955359,https://c.ndtvimg.com/2021-06/fgjc3iq8_corn-sandwich_120x90_01_June_21.jpg,"choppedandboiledchicken, saltasrequired, whitebread, redbellpepper, butter, lettuceromaine, mayonnaise, chaatmasala, capsicum",10
Tawa Bread Rolls,10,https://food.ndtv.com/recipe-tawa-bread-rolls-955352,https://c.ndtvimg.com/2021-07/hntj2i0g_tawa-bread-roll_120x90_28_July_21.jpg,"breadslices, cornflour, mashedpotatoes, finelychoppedonions, finelychoppedcarrots, finelychoppedbeans, redchillipowder, pepper, corianderpowder, saltaccordingtotaste",10
Achari Paneer Paratha,10,https://food.ndtv.com/recipe-achari-paneer-paratha-955294,https://c.ndtvimg.com/2021-03/asf6i7f_paratha_240x180_18_March_21.jpg,"wheatflour, watertokneaddough, choppedginger, garlic, gratedpaneer, achar, salttotaste",10
Kashmiri Roti,10,https://food.ndtv.com/recipe-kashmiri-roti-955291,https://c.ndtvimg.com/2021-07/lnhotva_roti_120x90_14_July_21.jpg,"all-purposeflour, instantyeast, ghee, lukewarmwater, yogurt, salt, sugar, bakingsoda",10
Chilli Parotta,15,https://food.ndtv.com/recipe-chilli-parotta-955271,https://c.ndtvimg.com/2021-07/cc8jbmro_chinese_120x90_08_July_21.jpg,"garliccloves, parottapieces, onion, capsicum, cabbage, soyasauce, chillisauce, salt, redchilli, blackpepper",15
Tandoori Garlic Naan,10,https://food.ndtv.com/recipe-tandoori-garlic-naan-955205,https://c.ndtvimg.com/2021-06/1e4borog_kulcha-naan_120x90_14_June_21.jpg,"wheatflour, butter, ginger, oil, choppedgarlic, choppedgreenchillies, salt",10
Kulcha Naan,10,https://food.ndtv.com/recipe-kulcha-naan-955183,https://c.ndtvimg.com/2021-06/1e4borog_kulcha-naan_120x90_14_June_21.jpg,"curd, choppedcorianderleaves, bakingsoda, blacksesameseeds, salt, sugar, bakingpowder, oil",10
Agra Paratha Thali,15,https://food.ndtv.com/recipe-agra-paratha-thali-955179,https://c.ndtvimg.com/2021-06/ofhbok8g_thali_120x90_11_June_21.jpg,"wheatflour, boiledpotatoes, peas, pepper, chillipowder, cuminpowder, corianderpowder, choppedginger, choppedgreenchiillies, salt",15
Onion Garlic Parantha,10,https://food.ndtv.com/recipe-onion-garlic-parantha-955060,https://c.ndtvimg.com/2021-05/ehg07tkg_parantha_120x90_05_May_21.jpg,"wholewheatflour, onion, garlic, cuminpowder, garammasala, greenchillies, corianderleaves",10
Gypsy Toast,5,https://food.ndtv.com/recipe-gypsy-toast-954949,https://c.ndtvimg.com/2021-03/4os84bno_gpsy-toast_120x90_16_March_21.jpg,"eggs, milk, onions, tomatoes, greenchillies, corianderleaves, ginger, salt, blackpepperpowder, oil, toshallowfrythetoasts, breadslices",5
Meethi Koki,10,https://food.ndtv.com/recipe-meethi-koki-954746,https://c.ndtvimg.com/2020-04/eb54ds68_koki_240x180_28_April_20.jpg,"wholewheatflour, sugar, cardamompowder, butter, water",10
Khoya Khurchan Paratha,10,https://food.ndtv.com/recipe-khoya-khurchan-paratha-954368,https://c.ndtvimg.com/2020-05/kqsn9vgo_paratha_120x90_08_May_20.jpg,"khoya, saffronstrands, kewdawater, granulatedsugar, cardamompowder, wholewheatflour, ghee, salt, water",10
Ghavan,20,https://food.ndtv.com/recipe-ghavan-953920,https://c.ndtvimg.com/2019-08/qdje3sk_ghavan_120x90_29_August_19.jpg,"rawrice, salt, oil",20
Steam Bunny Chicken Bao,120,https://food.ndtv.com/recipe-steam-bunny-chicken-bao-953585,https://c.ndtvimg.com/2019-04/819ahk_chicken-bao_120x90_18_April_19.jpg,"buns, allpurposewhiteflour, dryyeast, sugar, salt, warmwater, chickenmince, eggs, soysauce, sugar, sesameoil, worcestershiresauce, chives, aromatpowder",120
Christmas Tree Pizza,35,https://food.ndtv.com/recipe-christmas-tree-pizza-953147,https://c.ndtvimg.com/2018-12/4c1c99qg_pizza_120x90_26_December_18.jpg,"pizzadough, redpepper, redonion, basilpesto, homemadeorveganpesto), mozzarellacheese, koshersalt",35
German Stollen Bread,125,https://food.ndtv.com/recipe-german-stollen-bread-953089,https://c.ndtvimg.com/2018-12/3516r9tg_stollen-bread_120x90_17_December_18.jpg,"flour, lukewarmwater, yeast, raisins, cranberries, citruspeel, nuts, rum, sugar, salt, groundcinnamon, eggs, butter, marzipan, butter, powdersugar",125
Vegetable Bruschetta,15,https://food.ndtv.com/recipe-vegetable-bruschetta-952541,https://c.ndtvimg.com/h5a1a36o_bruschetta_120x90_04_September_18.jpg,"baguette, blackolivetapenade, artichokehearts, lettucearugula, tomatoconfit, freshbasilleaves, mintleaves, zucchini, goatcheese, parmesancheeseshavings, mozzarellabuffalocheese",15
Spinach And Feta Crepes,20,https://food.ndtv.com/recipe-spinach-and-feta-crepes-952528,https://c.ndtvimg.com/oos98oro_crepes_120x90_03_September_18.jpg,"milk, flour, water, butter, honey, salt, vegetableoil, extrabutter, spinach, fetacheese, greekyogurt, honey",20
Red Wine Braised Mushroom Flatbread,25,https://food.ndtv.com/recipe-red-wine-braised-mushroom-flatbread-952526,https://c.ndtvimg.com/cenqvf1g_mushroom-flatbread_120x90_03_September_18.jpg,"oliveoil, freshbuffalomozzarellacheese, cannedpelatitomatoes, pizza, mushrooms, redwine, parsley, garliccloves, salt",25
Ragi Dosa,20,https://food.ndtv.com/recipe-ragi-dosa-952436,https://c.ndtvimg.com/o5h1523_ragi-dosa_120x90_09_August_18.jpg,"ragi, riceflour, sourcurds, greenchillies, coriander, onions, salt, fortempering:, mustardseeds, cuminseeds, curryleaves, oil",20
Bajra-Methi Missi Roti,10,https://food.ndtv.com/recipe-bajra-methi-missi-roti-952435,https://c.ndtvimg.com/uu5k58l_ragi-dosa_120x90_09_August_18.jpg,"bajraflour, wheatflour, fenugreekleaves, garliccloves, lowfatcurd, greenchilli, lowfatpaneer, corianderleaves, haldipowder, redchillipowder, salt",10
Morning Greed,10,https://food.ndtv.com/recipe-morning-greed-952421,https://c.ndtvimg.com/mc0lhi7o_morning-greed_120x90_17_July_18.jpg,"paninibread, mintpeasmash, ricottacrumble, eggs, smokedsalmon, caperberry, sourcream",10
Kuttu Aur Singhaare Ke Aate Ki Poori,15,https://food.ndtv.com/recipe-kuttu-aur-singhaare-ke-aate-ki-poori-952169,https://i.ndtvimg.com/i/2018-03/kuttu_240x180_41521790547.jpg,"kuttuflour, singharaflour, potato, sendhanamak, oil",15
Strawberry & Pistachio Breton Tart,135,https://food.ndtv.com/recipe-strawberry-pistachio-breton-tart-951995,https://i.ndtvimg.com/i/2018-02/tarts_240x180_81518071188.jpg,"plainflour, bakingpowder, seasalt, unsaltedbutter, eggyoks, castorsugar, doublecream, yolk, sugar, gelatine, butter, pistachiopaste, strawberry",135
Tricolour Pizza,35,https://food.ndtv.com/recipe-tri-color-pizza-951916,https://i.ndtvimg.com/i/2018-01/pizza_240x180_41516778774.jpg,"pizzabase, pizzasauce, mozzarellacheese, blackolive, greencapsicum, carrots, oliveoil",35
Luchi,10,https://food.ndtv.com/recipe-luchi-951769,https://i.ndtvimg.com/i/2017-12/luchi_240x180_81513943462.jpg,"maida, salt, ghee, water",10
Kuttu Ki Poori,15,https://food.ndtv.com/recipe-kuttu-ki-poori-951748,https://i.ndtvimg.com/i/2017-12/kuttu-ki-poori_240x180_41513854874.jpg,"kuttuatta, potato, sendhanamak, water",15
Dal Parantha,30,https://food.ndtv.com/recipe-dal-parantha-951728,https://i.ndtvimg.com/i/2017-12/dal-ka-parantha_240x180_61513747082.jpg,"moongdal, ghee, cloves, blackpeppercorns, cuminseeds, salt, turmericpowder, redchillipowder, water, atta, salt, kalonji, ajwain, ghee, water",30
Stollen Bread,220,https://food.ndtv.com/recipe-stollen-bread-951726,https://i.ndtvimg.com/i/2017-12/stollen-bread_240x180_51513681291.jpg,"refinedflour, butter, brownsugar, eggs, cinnamonpowder, nutmegpowder, clovespowder, gingerpowder, yeast, raisins, munakka, tuttifruity, cherry, blackcurrant, apricot, prunes, liquor, icingsugar, desighee, marzipan",220
Panettone,40,https://food.ndtv.com/recipe-panettone-951681,https://i.ndtvimg.com/i/2017-12/panettone_240x180_71513233154.jpg,"flourt-45, freshyeast, castorsugar, milk, wholeeggs, eggyolks, butter, breadimprover, salt, raisins, candiedorange, candiedlemon, redcherries",40
Punjabi Style Nutri Kulcha,25,https://food.ndtv.com/recipe-punjabi-style-nutri-kulcha-951678,https://i.ndtvimg.com/i/2017-12/nutri-kulcha_240x180_41513233892.jpg,"soyachunksnutri, gingerpaste, garlicpaste, greenchillies, onion, tomatosauce, oil, yellowbutter, salt, blackpepper, corianderpowder, meatmasala, kitchenkingmasala, redchillipowder, degimirch, tealeaves, tomatopuree, soysauce, kulcha, corianderleaves",25
Instant Rava Dosa,30,https://food.ndtv.com/recipe-instant-rava-dosa-951467,https://i.ndtvimg.com/i/2017-11/instant-dosa_240x180_61509951693.jpg,"rava, riceflour, allpurposeflour, freshcoconut, jeera, greenchilli, dhaniya, onion, salt, water, oil, ghee",30
Mummy Dogs,20,https://food.ndtv.com/recipe-mummy-dogs-951408,https://i.ndtvimg.com/i/2017-10/halloween-recipes_240x180_51509348352.jpg,"warmwater, brownsugar, salt, oil, breadflour, yeast, forrolls:, breadstickdough, hotdogs, mustard, poppyseed",20
Kuttu Ki Puri,15,https://food.ndtv.com/recipe-kuttu-ki-puri-951300,https://i.ndtvimg.com/i/2017-10/kuttu-ki-puri-recipe_240x180_41508240919.jpg,"buckwheatflour, potatoes, rocksalt, desighee",15
Kachori Upside Down,20,https://food.ndtv.com/recipe-kachori-upside-down-951253,https://food.ndtv.com/static/web/images/food-default-205x205.png,"allpurposeflour, salt, ghee, water, chickpeas, onion, tomato, ginger, greenchillies, cuminpowder, corianderpowder, fennelpowder, mangopowder, redchillipowder, garammasala, oil, ginger, corianderleaves, sweetcurd, dishkiyaaonguacamole, dishkiyaoonsalsa",20
Dinner Roll,250,https://food.ndtv.com/recipe-dinner-roll-951236,https://i.ndtvimg.com/i/2017-10/bread-roll-snack_240x180_81507529385.jpg,"yeast, sugar, lukewarmwater, flour, salt, oil, eggyolk, milk, butter, oil, eggwhite",250
Vada Pav,20,https://food.ndtv.com/recipe-vada-pav-134,https://i.ndtvimg.com/i/2015-08/vada-pav-240_240x180_51439785705.jpg,"oil, hing, mustardseeds, saunf, onion, greenchilli-garlicpaste, potato, turmericpowder, salt, redchillipowder, corianderleaves, lemonjuice, garliccloves, redchilliwhole, whitesesameseeds, dessicatedcoconut, peanuts, salt, redchillipowder, tamarind, besan, soda, salt, redchillipowder, greenchillies",20
Easy Bread Poha,20,https://food.ndtv.com/recipe-bread-poha-22,https://i.ndtvimg.com/i/2017-08/bread-poha_240x180_81503556243.jpg,"oil, hing, mustardseeds, curryleaves, wholeredchillies, cookespeas, peanuts, turmericpowder, salt, bread, greenchillies, lemonjuice, corianderleaves, dessicatedcoconut",20
Bread Chana Basket,20,https://food.ndtv.com/recipe-bread-chana-basket-951122,https://www.ndtv.com/cooks/images/Bread%20Channa%20basket.jpg,"bread, butter, forchanachaat:, chana, onion, tomatoes, cuminseeds, gingergarlicpaste, chillipowder, chanamasala, turmericpowder, oil, salt",20
Spaghetti With Clams & Crispy Bread Crumbs,30,https://food.ndtv.com/recipe-spaghetti-with-clams-crispy-bread-crumbs-933468,https://i.ndtvimg.com/i/2018-01/spaghetti-with-clams_300x200_71515478939.jpg,"panko, 1, plusmorefordrizzling, koshersalt, freshlygroundpepper, garliccloves, manilaclamsorcockles, scrubbed, drywhitewine, spaghetti, lemonzest, lemonjuice, mulletbottarga, redpepper, thyme, rosemary, parsley",30
Kasha Bread,50,https://food.ndtv.com/recipe-kasha-bread-875982,https://www.ndtv.com/cooks/images/kasha-bread.jpg,"kasha, boilingwater, buckwheatflour, all-purposeglutenfreeflour, brownsugar, bakingpowder, bakingsoda, xanthumgum, salt, buttermilk, cream, egg, oil, walnuts",50
Egg Paratha,30,https://food.ndtv.com/recipe-egg-paratha-855115,https://www.ndtv.com/cooks/images/620-14.jpg,"wholewheatflour, salt, oil, eggs, onions, greenchilli, corianderleaves, garammasala",30
Egg And Cheddar Cheese Sandwich,20,https://food.ndtv.com/recipe-egg-and-cheddar-cheese-sandwich-855060,https://www.ndtv.com/cooks/images/Egg-Sandwich_330.jpg,"egg, salt, pepper, hamslices, basilleaves",20
